Company Name,Number of Employees,Website
A2Z Innovations,65,https://www.a2zinnovations.net
Acme Dynamics,146,https://www.acmedynamics.com
Adaptive Technologies,232,https://www.adaptivetech.com
Advanced Industries,387,https://www.advancedindustries.net
Aerodynamics Inc.,283,https://www.aerodynamicsinc.com
Agile Innovations,174,https://www.agileinnovations.net
Allegro Enterprises,419,https://www.allegroenterprises.com
Allied Solutions,328,https://www.alliedsolutions.net
Alpha Dynamics,112,https://www.alphadynamics.net
Alpine Innovations,138,https://www.alpineinnovations.net
Altitude Technologies,178,https://www.altitudetech.com
Amber Dynamics,205,https://www.amberdynamics.com
Amplify Innovations,291,https://www.amplifyinnovations.net
Ampulse Technologies,78,https://www.ampulsetech.com
Apex Enterprises,392,https://www.apexenterprises.net
Applied Dynamics,249,https://www.applieddynamics.net
Aquila Innovations,121,https://www.aquilainnovations.com
Arcadia Solutions,174,https://www.arcadiasolutions.net
Arctic Enterprises,334,https://www.arcticenterprises.com
Argo Dynamics,195,https://www.argodynamics.net
Ascent Innovations,149,https://www.ascentinnovations.net
Astro Technologies,308,https://www.astrotech.net
Atlas Enterprises,444,https://www.atlasenterprises.net
Aurora Dynamics,187,https://www.auroradynamics.net
Axis Innovations,102,https://www.axisinnovations.net
Azure Technologies,223,https://www.azuretech.net
Baltic Enterprises,96,https://www.balticenterprises.com
Bay Area Innovations,167,https://www.bayareainnovations.com
Bayside Technologies,286,https://www.baysidetech.com
Beacon Enterprises,358,https://www.beaconenterprises.net
Bellwether Solutions,131,https://www.bellwethersolutions.net
Benchmark Dynamics,396,https://www.benchmarkdynamics.net
Benevolent Innovations,246,https://www.benevolentinnovations.com
Beta Technologies,154,https://www.betatechnologies.net
Blackrock Enterprises,299,https://www.blackrockenterprises.com
Blue Ocean Enterprises,318,https://www.blueoceanenterprises.com
Bluebird Dynamics,199,https://www.bluebirddynamics.net
Brighter Solutions,432,https://www.brightersolutions.net
BrightPath Innovations,176,https://www.brightpathinnovations.com
Brilliant Technologies,219,https://www.brillianttech.net
Cactus Dynamics,79,https://www.cactusdynamics.net
Caliber Enterprises,271,https://www.caliberenterprises.com
Calypso Innovations,118,https://www.calypsotechnologies.net
Cambridge Technologies,369,https://www.cambridgetech.com
Canary Dynamics,185,https://www.canarydynamics.net
Candor Innovations,145,https://www.candorinnovations.net
Caribbean Solutions,216,https://www.caribbeansolutions
Carnival Dynamics,282,https://www.carnivaldynamics.net
Cascade Innovations,159,https://www.cascadeinnovations.com
Castle Enterprises,398,https://www.castleenterprises.net
Catalyst Technologies,219,https://www.catalysttech.com
Cedar Innovations,177,https://www.cedarinnovations.net
Celestial Dynamics,129,https://www.celestialdynamics.com
Centaur Enterprises,347,https://www.centaurenterprises.net
Champion Innovations,234,https://www.championinnovations.net
Cherry Blossom Technologies,121,https://www.cherryblossomtech.net
Chesapeake Dynamics,156,https://www.chesapeakedynamics.com
Chromatic Innovations,182,https://www.chromaticinnovations.net
Citrine Technologies,388,https://www.citrintech.net
Cityscape Enterprises,428,https://www.cityscapeenterprises.com
Coastal Dynamics,296,https://www.coastaldynamics.net
Cognate Innovations,174,https://www.cognateinnovations.net
Comet Technologies,201,https://www.comettech.com
Compass Enterprises,358,https://www.compassenterprises.net
Concentric Innovations,138,https://www.concentricinnovations.net
Concept Dynamics,245,https://www.conceptdynamics.net
Condor Enterprises,291,https://www.condorenterprises.net
Connection Technologies,426,https://www.connectiontech.com
Conquest Dynamics,192,https://www.conquestdynamics.net
Consolidated Innovations,217,https://www.consolidatedinnovations.net
Copper Mountain Technologies,143,https://www.coppermountaintech.com
Corona Dynamics,328,https://www.coronadynamics.net
Cortex Innovations,197,https://www.cortexinnovations.net
Cosmic Technologies,257,https://www.cosmictech.com
Crescent Enterprises,318,https://www.crescententerprises.net
Crimson Innovations,129,https://www.crimsoninnovations.net
Crown Dynamics,286,https://www.crowndynamics.net
Crystal Innovations,155,https://www.crystalinnovations.net
Cypress Technologies,394,https://www.cypresstech.net
Dart Enterprises,224,https://www.dartenterprises.net
Delta Dynamics,298,https://www.deltadynamics.net
Desert Innovations,182,https://www.desertinnovations.net
Diamond Technologies,406,https://www.diamondtech.net
Discovery Enterprises,349,https://www.discoveryenterprises.net
Dolphin Dynamics,263,https://www.dolphindynamics.net
Dragonfly Innovations,192,https://www.dragonflyinnovations.net
Dynamo Enterprises,423,https://www.dynamoenterprises.net
Eagle Technologies,299,https://www.eagletech.net
East Coast Innovations,168,https://www.eastcoastinnovations.net
Eclipse Dynamics,264,https://www.eclipsedynamics.net
Eco Innovations,113,https://www.ecoinnovations.net
Edge Technologies,198,https://www.edgetech.com
Elm Enterprises,321,https://www.elmenterprises.net
Flamingo Innovations,287,https://www.flamingoinnovations.net
Flash Enterprises,342,https://www.flashenterprises.net
Flow Dynamics,214,https://www.flowdynamics.net
Focal Innovations,163,https://www.focalinnovations.net
Fortress Technologies,251,https://www.fortresstech.com
Fusion Enterprises,398,https://www.fusionenterprises.net
Galaxy Dynamics,129,https://www.galaxydynamics.net
Garnet Innovations,276,https://www.garnetinnovations.net